{"cameraMode":{"drawMode":0,"name":"Shaded","section":"Shading Mode"},"sceneLighting":true,"audioPlay":false,"sceneViewState":{"m_AlwaysRefresh":false,"showFog":true,"showSkybox":true,"showFlares":true,"showImageEffects":true,"showParticleSystems":true,"showVisualEffectGraphs":true,"m_FxEnabled":true},"in2DMode":false,"pivot":{"x":0.08763425797224045,"y":0.2653563320636749,"z":-0.16604812443256379},"rotation":{"x":-0.23829251527786256,"y":0.26818889379501345,"z":-0.06865110248327255,"w":-0.9309029579162598},"size":0.09601878374814987,"orthographic":false}