{"cameraMode":{"drawMode":0,"name":"Shaded","section":"Shading Mode"},"sceneLighting":true,"audioPlay":false,"sceneViewState":{"m_AlwaysRefresh":false,"showFog":true,"showSkybox":true,"showFlares":true,"showImageEffects":true,"showParticleSystems":true,"showVisualEffectGraphs":true,"m_FxEnabled":true},"in2DMode":false,"pivot":{"x":3.4661550521850588,"y":-1.0434132814407349,"z":0.19210319221019746},"rotation":{"x":-0.23492227494716645,"y":0.7505993843078613,"z":-0.3436177372932434,"w":-0.5131838917732239},"size":11.278166770935059,"orthographic":false}